Ethereum Foundation Ecosystem Support Program	Ethereum	Ethereum Foundation	https://esp.ethereum.foundation/
Web3 Foundation Grants Program	Polkadot / Kusama	Web3 Foundation	https://github.com/w3f/Grants-Program
Polkadot Treasury (OpenGov)	Polkadot	Polkadot on-chain treasury	https://wiki.polkadot.network/learn/learn-polkadot-opengov-treasury/
Solana Foundation Grants & Funding	Solana	Solana Foundation	https://solana.org/grants-funding
Arbitrum Foundation Grants	Arbitrum	Arbitrum Foundation	https://arbitrum.foundation/grants
Optimism Grants	Optimism / Superchain	Optimism Foundation	https://community.optimism.io/grant/grant-overview
Base Builder Grants	Base	Base (Coinbase)	https://docs.base.org/get-started/get-funded
Starknet Seed Grants	Starknet	Starknet Foundation	https://www.starknet.io/grants/
Filecoin Open Grants	Filecoin	Filecoin Foundation	https://github.com/filecoin-project/devgrants
Filecoin Foundation Grants	Filecoin	Filecoin Foundation	https://fil.org/grants
Project Catalyst	Cardano	Cardano community	https://projectcatalyst.io/
Aptos Foundation Grants	Aptos	Aptos Foundation	https://aptosfoundation.org/grants
Sui Foundation Grants	Sui	Sui Foundation	https://sui.io/grants-hub
NEAR Foundation Grants	NEAR	NEAR Foundation	https://www.near.org/ecosystem/get-funding
Interchain Foundation Funding	Cosmos	Interchain Foundation	https://interchain.io/
Uniswap Foundation Grants	Uniswap	Uniswap Foundation	https://www.uniswapfoundation.org/build
Aave Grants DAO	Aave	Aave Grants DAO	https://aavegrants.org/
Gitcoin Grants	Multi-chain (public goods)	Gitcoin	https://gitcoin.co/program
Zcash Community Grants	Zcash	Zcash Community Grants	https://zcashcommunitygrants.org/
OpenSats	Bitcoin / Nostr	OpenSats	https://opensats.org/
HRF Bitcoin Development Fund	Bitcoin	Human Rights Foundation	https://hrf.org/program/financial-freedom/bitcoin-development-fund/
Spiral	Bitcoin	Block (Spiral)	https://spiral.xyz/
Brink Bitcoin Developer Grants	Bitcoin	Brink	https://brink.dev/programs
Celo Public Goods / Prezenti	Celo	Celo community	https://celo.org/
Tezos Foundation Grants	Tezos	Tezos Foundation	https://tezos.foundation/grants/
Polygon Community Grants	Polygon	Polygon	https://polygon.technology/grants
zkSync Grants	ZKsync	ZKsync	https://zksync.io/
Scroll Grants	Scroll	Scroll	https://scroll.io/
Avalanche Foundation (Retro9000 / infraBUIDL)	Avalanche	Avalanche Foundation	https://www.avax.network/
Ethereum Protocol Guild	Ethereum	Protocol Guild	https://www.protocolguild.org/
Mina Foundation Grants	Mina	Mina Foundation	https://minaprotocol.com/grants
Stellar Community Fund	Stellar	Stellar Development Foundation	https://communityfund.stellar.org/
Hedera Grants (HBAR Foundation)	Hedera	HBAR Foundation	https://www.hbarfoundation.org/
